<?xml version="1.0"?>

<!DOCTYPE dataset SYSTEM "../wrongDTD.dtd">
<document>
  <Apple>
    <date>2003/12/31</date>
    <close>10.685</close>
    <volume>6230920.0000</volume>
    <open>10.675</open>
    <high>10.765</high>
    <low>10.59</low>
    <company>Apple</company>
  </Apple>
  <Apple>
    <date>2003/12/30</date>
    <close>10.64</close>
    <volume>7316168.0000</volume>
    <open>10.59</open>
    <high>10.75</high>
    <low>10.575</low>
    <company>Apple</company>
  </Apple>
  <Apple>
    <date>2003/12/29</date>
    <close>10.575</close>
    <volume>8337704.0000</volume>
    <open>10.455</open>
    <high>10.58</high>
    <low>10.43</low>
    <company>Apple</company>
  </Apple>
  <Apple>
    <date>2003/12/26</date>
    <close>10.39</close>
    <volume>3703228.0000</volume>
    <open>10.175</open>
    <high>10.455</high>
    <low>10.17</low>
    <company>Apple</company>
  </Apple>
  <Apple>
    <date>2003/12/24</date>
    <close>10.205</close>
    <volume>6338256.0000</volume>
    <open>9.86</open>
    <high>10.295</high>
    <low>9.825</low>
    <company>Apple</company>
  </Apple>
  <Apple>
    <date>2003/12/23</date>
    <close>9.905</close>
    <volume>11017722.0000</volume>
    <open>9.96</open>
    <high>9.975</high>
    <low>9.8</low>
    <company>Apple</company>
  </Apple>
  <Apple>
    <date>2003/12/22</date>
    <close>9.925</close>
    <volume>13466448.0000</volume>
    <open>9.825</open>
    <high>9.945</high>
    <low>9.625</low>
    <company>Apple</company>
  </Apple>
  <Apple>
    <date>2003/12/19</date>
    <close>9.85</close>
    <volume>16201946.0000</volume>
    <open>10.095</open>
    <high>10.21</high>
    <low>9.81</low>
    <company>Apple</company>
  </Apple>
  <Apple>
    <date>2003/12/18</date>
    <close>10.02</close>
    <volume>11818230.0000</volume>
    <open>9.95</open>
    <high>10.09</high>
    <low>9.95</low>
    <company>Apple</company>
  </Apple>
  <Apple>
    <date>2003/12/17</date>
    <close>9.94</close>
    <volume>9794938.0000</volume>
    <open>10.04</open>
    <high>10.065</high>
    <low>9.895</low>
    <company>Apple</company>
  </Apple>
  <Apple>
    <date>2003/12/16</date>
    <close>10.06</close>
    <volume>13355416.0000</volume>
    <open>10.095</open>
    <high>10.245</high>
    <low>10.005</low>
    <company>Apple</company>
  </Apple>
  <Apple>
    <date>2003/12/15</date>
    <close>10.085</close>
    <volume>13889434.0000</volume>
    <open>10.745</open>
    <high>10.745</high>
    <low>10.035</low>
    <company>Apple</company>
  </Apple>
  <Apple>
    <date>2003/12/12</date>
    <close>10.445</close>
    <volume>6895764.0000</volume>
    <open>10.66</open>
    <high>10.66</high>
    <low>10.35</low>
    <company>Apple</company>
  </Apple>
  <Apple>
    <date>2003/12/11</date>
    <close>10.605</close>
    <volume>6549994.0000</volume>
    <open>10.125</open>
    <high>10.67</high>
    <low>10.105</low>
    <company>Apple</company>
  </Apple>
  <Apple>
    <date>2003/12/10</date>
    <close>10.19</close>
    <volume>9690492.0000</volume>
    <open>10.225</open>
    <high>10.305</high>
    <low>9.98</low>
    <company>Apple</company>
  </Apple>
  <Apple>
    <date>2003/12/09</date>
    <close>10.225</close>
    <volume>4826526.0000</volume>
    <open>10.585</open>
    <high>10.625</high>
    <low>10.2</low>
    <company>Apple</company>
  </Apple>
  <Apple>
    <date>2003/12/08</date>
    <close>10.525</close>
    <volume>5294136.0000</volume>
    <open>10.39</open>
    <high>10.54</high>
    <low>10.205</low>
    <company>Apple</company>
  </Apple>
  <Apple>
    <date>2003/12/05</date>
    <close>10.425</close>
    <volume>6649132.0000</volume>
    <open>10.45</open>
    <high>10.575</high>
    <low>10.365</low>
    <company>Apple</company>
  </Apple>
  <Apple>
    <date>2003/12/04</date>
    <close>10.575</close>
    <volume>6354896.0000</volume>
    <open>10.47</open>
    <high>10.585</high>
    <low>10.385</low>
    <company>Apple</company>
  </Apple>
  <Apple>
    <date>2003/12/03</date>
    <close>10.515</close>
    <volume>6863638.0000</volume>
    <open>10.77</open>
    <high>10.92</high>
    <low>10.48</low>
    <company>Apple</company>
  </Apple>
  <Apple>
    <date>2003/12/02</date>
    <close>10.77</close>
    <volume>7858848.0000</volume>
    <open>10.8</open>
    <high>10.95</high>
    <low>10.705</low>
    <company>Apple</company>
  </Apple>
  <Apple>
    <date>2003/12/01</date>
    <close>10.855</close>
    <volume>12912010.0000</volume>
    <open>10.52</open>
    <high>10.925</high>
    <low>10.5</low>
    <company>Apple</company>
  </Apple>
  <Apple>
    <date>2003/11/28</date>
    <close>10.455</close>
    <volume>2717646.0000</volume>
    <open>10.39</open>
    <high>10.535</high>
    <low>10.26</low>
    <company>Apple</company>
  </Apple>
  <Apple>
    <date>2003/11/26</date>
    <close>10.36</close>
    <volume>8754584.0000</volume>
    <open>10.445</open>
    <high>10.575</high>
    <low>10.1245</low>
    <company>Apple</company>
  </Apple>
  <Apple>
    <date>2003/11/25</date>
    <close>10.34</close>
    <volume>9596840.0000</volume>
    <open>10.615</open>
    <high>10.625</high>
    <low>10.307</low>
    <company>Apple</company>
  </Apple>
  <Apple>
    <date>2003/11/24</date>
    <close>10.575</close>
    <volume>13636594.0000</volume>
    <open>10.25</open>
    <high>10.635</high>
    <low>10.225</low>
    <company>Apple</company>
  </Apple>
  <Apple>
    <date>2003/11/21</date>
    <close>10.14</close>
    <volume>8666044.0000</volume>
    <open>10.17</open>
    <high>10.29</high>
    <low>9.925</low>
    <company>Apple</company>
  </Apple>
  <Apple>
    <date>2003/11/20</date>
    <close>10.1875</close>
    <volume>8556716.0000</volume>
    <open>10.05</open>
    <high>10.54</high>
    <low>10.05</low>
    <company>Apple</company>
  </Apple>
  <Apple>
    <date>2003/11/19</date>
    <close>10.2099</close>
    <volume>12308180.0000</volume>
    <open>10.28</open>
    <high>10.325</high>
    <low>10.13</low>
    <company>Apple</company>
  </Apple>
  <Apple>
    <date>2003/11/18</date>
    <close>10.205</close>
    <volume>9584652.0000</volume>
    <open>10.605</open>
    <high>10.67</high>
    <low>10.175</low>
    <company>Apple</company>
  </Apple>
  <Apple>
    <date>2003/11/17</date>
    <close>10.565</close>
    <volume>8151918.0000</volume>
    <open>10.675</open>
    <high>10.685</high>
    <low>10.475</low>
    <company>Apple</company>
  </Apple>
  <Apple>
    <date>2003/11/14</date>
    <close>10.73</close>
    <volume>8468854.0000</volume>
    <open>11.24</open>
    <high>11.305</high>
    <low>10.64</low>
    <company>Apple</company>
  </Apple>
  <IBM>
    <date>2003/12/31</date>
    <close>92.68</close>
    <volume>4726900.0000</volume>
    <open>92.66</open>
    <high>92.85</high>
    <low>92.16</low>
    <company>IBM</company>
  </IBM>
  <IBM>
    <date>2003/12/30</date>
    <close>92.63</close>
    <volume>4003400.0000</volume>
    <open>93.27</open>
    <high>93.5</high>
    <low>92.36</low>
    <company>IBM</company>
  </IBM>
  <IBM>
    <date>2003/12/29</date>
    <close>93.52</close>
    <volume>4034200.0000</volume>
    <open>93.1</open>
    <high>93.73</high>
    <low>93.03</low>
    <company>IBM</company>
  </IBM>
  <IBM>
    <date>2003/12/26</date>
    <close>92.9</close>
    <volume>1408500.0000</volume>
    <open>92.37</open>
    <high>93</high>
    <low>92.3</low>
    <company>IBM</company>
  </IBM>
  <IBM>
    <date>2003/12/24</date>
    <close>92.27</close>
    <volume>1760500.0000</volume>
    <open>92.8</open>
    <high>92.8</high>
    <low>92.18</low>
    <company>IBM</company>
  </IBM>
  <IBM>
    <date>2003/12/23</date>
    <close>92.79</close>
    <volume>3677200.0000</volume>
    <open>93.07</open>
    <high>93.44</high>
    <low>92.34</low>
    <company>IBM</company>
  </IBM>
  <IBM>
    <date>2003/12/22</date>
    <close>93.39</close>
    <volume>4332100.0000</volume>
    <open>92.83</open>
    <high>93.5</high>
    <low>92.78</low>
    <company>IBM</company>
  </IBM>
  <IBM>
    <date>2003/12/19</date>
    <close>93.14</close>
    <volume>7090700.0000</volume>
    <open>93.23</open>
    <high>93.25</high>
    <low>92.67</low>
    <company>IBM</company>
  </IBM>
  <IBM>
    <date>2003/12/18</date>
    <close>92.73</close>
    <volume>6873600.0000</volume>
    <open>93</open>
    <high>93.38</high>
    <low>92.5</low>
    <company>IBM</company>
  </IBM>
  <IBM>
    <date>2003/12/17</date>
    <close>93.4</close>
    <volume>6056500.0000</volume>
    <open>93.85</open>
    <high>93.87</high>
    <low>92.85</low>
    <company>IBM</company>
  </IBM>
  <IBM>
    <date>2003/12/16</date>
    <close>93.98</close>
    <volume>7455700.0000</volume>
    <open>92.11</open>
    <high>94.12</high>
    <low>91.88</low>
    <company>IBM</company>
  </IBM>
  <IBM>
    <date>2003/12/15</date>
    <close>92.11</close>
    <volume>5964500.0000</volume>
    <open>93.43</open>
    <high>93.97</high>
    <low>92.08</low>
    <company>IBM</company>
  </IBM>
  <IBM>
    <date>2003/12/12</date>
    <close>92.71</close>
    <volume>5079900.0000</volume>
    <open>92.7</open>
    <high>93.16</high>
    <low>92.24</low>
    <company>IBM</company>
  </IBM>
  <IBM>
    <date>2003/12/11</date>
    <close>92.4</close>
    <volume>6412100.0000</volume>
    <open>91.96</open>
    <high>92.97</high>
    <low>91.92</low>
    <company>IBM</company>
  </IBM>
  <IBM>
    <date>2003/12/10</date>
    <close>91.73</close>
    <volume>7138000.0000</volume>
    <open>90.69</open>
    <high>92.74</high>
    <low>90.655</low>
    <company>IBM</company>
  </IBM>
  <IBM>
    <date>2003/12/09</date>
    <close>90.63</close>
    <volume>6971500.0000</volume>
    <open>91.15</open>
    <high>92.16</high>
    <low>90.61</low>
    <company>IBM</company>
  </IBM>
  <IBM>
    <date>2003/12/08</date>
    <close>91.2</close>
    <volume>5342000.0000</volume>
    <open>90.52</open>
    <high>91.47</high>
    <low>90.52</low>
    <company>IBM</company>
  </IBM>
  <IBM>
    <date>2003/12/05</date>
    <close>90.64</close>
    <volume>5878400.0000</volume>
    <open>91.3</open>
    <high>91.3</high>
    <low>90.5</low>
    <company>IBM</company>
  </IBM>
  <IBM>
    <date>2003/12/04</date>
    <close>91.42</close>
    <volume>5360400.0000</volume>
    <open>90.05</open>
    <high>91.44</high>
    <low>90.0335</low>
    <company>IBM</company>
  </IBM>
  <IBM>
    <date>2003/12/03</date>
    <close>90.3</close>
    <volume>6169800.0000</volume>
    <open>91.15</open>
    <high>91.44</high>
    <low>90.3</low>
    <company>IBM</company>
  </IBM>
  <IBM>
    <date>2003/12/02</date>
    <close>90.75</close>
    <volume>5092900.0000</volume>
    <open>90.57</open>
    <high>91.48</high>
    <low>90.52</low>
    <company>IBM</company>
  </IBM>
  <IBM>
    <date>2003/12/01</date>
    <close>91.01</close>
    <volume>5234900.0000</volume>
    <open>90.9</open>
    <high>91.36</high>
    <low>90.48</low>
    <company>IBM</company>
  </IBM>
  <IBM>
    <date>2003/11/28</date>
    <close>90.54</close>
    <volume>2195500.0000</volume>
    <open>89.9</open>
    <high>90.68</high>
    <low>89.62</low>
    <company>IBM</company>
  </IBM>
  <IBM>
    <date>2003/11/26</date>
    <close>89.91</close>
    <volume>4146800.0000</volume>
    <open>89.79</open>
    <high>90.09</high>
    <low>89.11</low>
    <company>IBM</company>
  </IBM>
  <IBM>
    <date>2003/11/25</date>
    <close>89.43</close>
    <volume>4305700.0000</volume>
    <open>89.66</open>
    <high>89.85</high>
    <low>89.27</low>
    <company>IBM</company>
  </IBM>
  <IBM>
    <date>2003/11/24</date>
    <close>89.66</close>
    <volume>4722400.0000</volume>
    <open>89.03</open>
    <high>89.74</high>
    <low>88.95</low>
    <company>IBM</company>
  </IBM>
  <IBM>
    <date>2003/11/21</date>
    <close>88.63</close>
    <volume>5935500.0000</volume>
    <open>88.4</open>
    <high>88.85</high>
    <low>88.23</low>
    <company>IBM</company>
  </IBM>
  <IBM>
    <date>2003/11/20</date>
    <close>88.39</close>
    <volume>5111100.0000</volume>
    <open>89.3</open>
    <high>89.79</high>
    <low>88.38</low>
    <company>IBM</company>
  </IBM>
  <IBM>
    <date>2003/11/19</date>
    <close>89.4</close>
    <volume>4156900.0000</volume>
    <open>88.32</open>
    <high>89.83</high>
    <low>88.32</low>
    <company>IBM</company>
  </IBM>
  <IBM>
    <date>2003/11/18</date>
    <close>88.95</close>
    <volume>5284400.0000</volume>
    <open>89.92</open>
    <high>90.18</high>
    <low>88.9</low>
    <company>IBM</company>
  </IBM>
  <IBM>
    <date>2003/11/17</date>
    <close>89.8</close>
    <volume>4748900.0000</volume>
    <open>89.9</open>
    <high>90.05</high>
    <low>89.03</low>
    <company>IBM</company>
  </IBM>
  <IBM>
    <date>2003/11/14</date>
    <close>90.25</close>
    <volume>4510300.0000</volume>
    <open>91.02</open>
    <high>91.42</high>
    <low>89.81</low>
    <company>IBM</company>
  </IBM>
</document>
